[{"timestamp":1582647681255,"files":[{"filename":"background.js","previous":489,"size":489,"diff":0},{"filename":"contentScript.js","previous":238445,"size":238450,"diff":5},{"filename":"popup.js","previous":25143,"size":25143,"diff":0}]},{"timestamp":1582646833476,"files":[{"filename":"background.js","previous":489,"size":489,"diff":0},{"filename":"contentScript.js","previous":238441,"size":238445,"diff":4},{"filename":"popup.js","previous":25143,"size":25143,"diff":0}]},{"timestamp":1582645488025,"files":[{"filename":"background.js","previous":489,"size":489,"diff":0},{"filename":"contentScript.js","previous":228334,"size":238441,"diff":10107},{"filename":"popup.js","previous":25182,"size":25143,"diff":-39}]},{"timestamp":1582551513015,"files":[{"filename":"background.js","previous":489,"size":489,"diff":0},{"filename":"contentScript.js","previous":228335,"size":228334,"diff":-1},{"filename":"popup.js","previous":25182,"size":25182,"diff":0}]},{"timestamp":1582551259833,"files":[{"filename":"background.js","previous":489,"size":489,"diff":0},{"filename":"contentScript.js","previous":228186,"size":228335,"diff":149},{"filename":"popup.js","previous":25182,"size":25182,"diff":0}]},{"timestamp":1582373966421,"files":[{"filename":"background.js","previous":489,"size":489,"diff":0},{"filename":"contentScript.js","previous":228180,"size":228186,"diff":6},{"filename":"popup.js","previous":25182,"size":25182,"diff":0}]},{"timestamp":1582373687734,"files":[{"filename":"background.js","previous":489,"size":489,"diff":0},{"filename":"contentScript.js","previous":227905,"size":228180,"diff":275},{"filename":"popup.js","previous":25182,"size":25182,"diff":0}]},{"timestamp":1582283439687,"files":[{"filename":"background.js","previous":489,"size":489,"diff":0},{"filename":"contentScript.js","previous":227871,"size":227905,"diff":34},{"filename":"popup.js","previous":25182,"size":25182,"diff":0}]},{"timestamp":1582222270945,"files":[{"filename":"background.js","previous":488,"size":489,"diff":1},{"filename":"contentScript.js","previous":226192,"size":227871,"diff":1679},{"filename":"popup.js","previous":25169,"size":25182,"diff":13}]},{"timestamp":1581285221424,"files":[{"filename":"background.js","previous":488,"size":488,"diff":0},{"filename":"contentScript.js","previous":225982,"size":226192,"diff":210},{"filename":"popup.js","previous":25169,"size":25169,"diff":0}]},{"timestamp":1580820182673,"files":[{"filename":"background.js","previous":488,"size":488,"diff":0},{"filename":"contentScript.js","previous":225972,"size":225982,"diff":10},{"filename":"popup.js","previous":25169,"size":25169,"diff":0}]},{"timestamp":1580749034980,"files":[{"filename":"background.js","previous":488,"size":488,"diff":0},{"filename":"contentScript.js","previous":225893,"size":225972,"diff":79},{"filename":"popup.js","previous":25169,"size":25169,"diff":0}]},{"timestamp":1580747549164,"files":[{"filename":"background.js","previous":488,"size":488,"diff":0},{"filename":"contentScript.js","previous":224279,"size":225893,"diff":1614},{"filename":"popup.js","previous":25170,"size":25169,"diff":-1}]},{"timestamp":1580113151376,"files":[{"filename":"background.js","previous":488,"size":488,"diff":0},{"filename":"contentScript.js","previous":224364,"size":224279,"diff":-85},{"filename":"popup.js","previous":25173,"size":25170,"diff":-3}]},{"timestamp":1579896619945,"files":[{"filename":"background.js","previous":488,"size":488,"diff":0},{"filename":"contentScript.js","previous":224112,"size":224364,"diff":252},{"filename":"popup.js","previous":25173,"size":25173,"diff":0}]},{"timestamp":1579896547707,"files":[{"filename":"background.js","previous":489,"size":488,"diff":-1},{"filename":"contentScript.js","previous":223824,"size":224112,"diff":288},{"filename":"popup.js","previous":25177,"size":25173,"diff":-4}]},{"timestamp":1579372573759,"files":[{"filename":"background.js","previous":489,"size":489,"diff":0},{"filename":"contentScript.js","previous":222997,"size":223824,"diff":827},{"filename":"popup.js","previous":25172,"size":25177,"diff":5}]},{"timestamp":1579261795284,"files":[{"filename":"background.js","previous":489,"size":489,"diff":0},{"filename":"contentScript.js","previous":222992,"size":222997,"diff":5},{"filename":"popup.js","previous":25179,"size":25172,"diff":-7}]},{"timestamp":1579261126540,"files":[{"filename":"background.js","previous":489,"size":489,"diff":0},{"filename":"contentScript.js","previous":223002,"size":222992,"diff":-10},{"filename":"popup.js","previous":25179,"size":25179,"diff":0}]},{"timestamp":1579260680869,"files":[{"filename":"background.js","previous":489,"size":489,"diff":0},{"filename":"contentScript.js","previous":222892,"size":223002,"diff":110},{"filename":"popup.js","previous":25179,"size":25179,"diff":0}]},{"timestamp":1579259920530,"files":[{"filename":"background.js","previous":489,"size":489,"diff":0},{"filename":"contentScript.js","previous":201552,"size":222892,"diff":21340},{"filename":"popup.js","previous":25223,"size":25179,"diff":-44}]},{"timestamp":1579175585102,"files":[{"filename":"background.js","previous":489,"size":489,"diff":0},{"filename":"contentScript.js","previous":198753,"size":201552,"diff":2799},{"filename":"popup.js","previous":25025,"size":25223,"diff":198}]},{"timestamp":1578422825581,"files":[{"filename":"background.js","previous":605,"size":489,"diff":-116},{"filename":"contentScript.js","previous":90550,"size":198753,"diff":108203},{"filename":"popup.css","previous":662,"size":0,"diff":-662},{"filename":"popup.js","previous":934,"size":25025,"diff":24091}]},{"timestamp":1576927298087,"files":[{"filename":"background.js","previous":605,"size":605,"diff":0},{"filename":"contentScript.js","previous":90441,"size":90550,"diff":109},{"filename":"popup.css","previous":662,"size":662,"diff":0},{"filename":"popup.js","previous":934,"size":934,"diff":0}]},{"timestamp":1576855619590,"files":[{"filename":"background.js","previous":605,"size":605,"diff":0},{"filename":"contentScript.js","previous":90587,"size":90441,"diff":-146},{"filename":"popup.css","previous":662,"size":662,"diff":0},{"filename":"popup.js","previous":934,"size":934,"diff":0}]},{"timestamp":1576844681484,"files":[{"filename":"background.js","previous":1289,"size":605,"diff":-684},{"filename":"contentScript.js","previous":572381,"size":90587,"diff":-481794},{"filename":"popup.css","previous":662,"size":662,"diff":0},{"filename":"popup.html","previous":447,"size":0,"diff":-447},{"filename":"popup.js","previous":2146,"size":934,"diff":-1212}]}]
